Model	mock_gene_KO
ModelM	0.0756383119639074
ModelO	-0.162841965682723
ModelS	-0.110703100204517
ModelA	-0.457154616239399
ModelI	-0.505815193885352
ModelC	0.366072775033448
ModelT	0.288650458935083
ModelH	-0.0287646498640309
ModelE	-0.690732824311905
ModelR	0.157366122620995
ModelA2	-1.29451546737684
ModelP	0.124167425460344
ModelE2	-0.168045313861751
ModelU	0.0186504943306465
ModelT2	-0.495880827400706
ModelC2	-0.206668627339351
ModelS2	-0.148609490335447
ModelX	0.066844529089804